{"cameraMode":{"drawMode":0,"name":"Shaded","section":"Shading Mode"},"sceneLighting":true,"audioPlay":false,"sceneViewState":{"showFog":true,"showMaterialUpdate":true,"showSkybox":true,"showFlares":true,"showImageEffects":true,"showParticleSystems":true},"in2DMode":false,"pivot":{"x":-2.4823522567749025,"y":3.4558300971984865,"z":1.4662617444992066},"rotation":{"x":-0.1819814145565033,"y":0.6821446418762207,"z":-0.1813271939754486,"w":-0.6846035122871399},"size":3.6610031127929689,"orthographic":false}