{"cameraMode":{"drawMode":0,"name":"Shaded","section":"Shading Mode"},"sceneLighting":true,"audioPlay":false,"sceneViewState":{"showFog":true,"showMaterialUpdate":true,"showSkybox":true,"showFlares":true,"showImageEffects":true,"showParticleSystems":true},"in2DMode":false,"pivot":{"x":-15.871478080749512,"y":1.7264509201049805,"z":12.080034255981446},"rotation":{"x":0.3049699366092682,"y":0.41540396213531496,"z":-0.15014679729938508,"w":0.8437350392341614},"size":18.864999771118165,"orthographic":false}