{"cameraMode":{"drawMode":0,"name":"Shaded","section":"Shading Mode"},"sceneLighting":true,"audioPlay":false,"sceneViewState":{"showFog":true,"showMaterialUpdate":true,"showSkybox":true,"showFlares":true,"showImageEffects":true,"showParticleSystems":true},"in2DMode":false,"pivot":{"x":-14.660232543945313,"y":-2.831167221069336,"z":6.463356018066406},"rotation":{"x":-0.33863338828086855,"y":0.34038886427879336,"z":-0.1329420804977417,"w":-0.8670578598976135},"size":22.08424949645996,"orthographic":false}