{"cameraMode":{"drawMode":0,"name":"Shaded","section":"Shading Mode"},"sceneLighting":true,"audioPlay":false,"sceneViewState":{"showFog":true,"showMaterialUpdate":true,"showSkybox":true,"showFlares":true,"showImageEffects":true,"showParticleSystems":true},"in2DMode":false,"pivot":{"x":4.989636421203613,"y":5.141696453094482,"z":-1.6640119552612305},"rotation":{"x":0.020455481484532357,"y":0.9790943264961243,"z":-0.15732145309448243,"w":0.12730248272418977},"size":20.33566665649414,"orthographic":false}