{"cameraMode":{"drawMode":0,"name":"Shaded","section":"Shading Mode"},"sceneLighting":true,"audioPlay":false,"sceneViewState":{"showFog":true,"showMaterialUpdate":true,"showSkybox":true,"showFlares":true,"showImageEffects":true,"showParticleSystems":true},"in2DMode":false,"pivot":{"x":-11.89777660369873,"y":0.5307588577270508,"z":2.488351345062256},"rotation":{"x":-0.009096457622945309,"y":0.9732620120048523,"z":-0.2261543720960617,"w":-0.03914840891957283},"size":6.775195598602295,"orthographic":false}